Conceito 1,Conceito 2,Frequência
 progresso, tempo,1364
 conceitos gerais, progresso,543
 cultura, progresso,622
 conceitos gerais, tempo,2686
 cultura, tempo,1577
 conceitos gerais, cultura,496
 América, civilização,1497
 América, tempo,4875
 civilização, tempo,1149
 América, educación,4375
 civilização, educación,1016
 antropofagia, educación,1066
 educación, universal,556
 América, antropofagia,1372
 América, universal,812
 antropofagia, civilização,374
 civilização, universal,238
 antropofagia, universal,2086
 América, Pan-América,494
 Pan-América, civilização,88
 Pan-América, conceitos gerais,72
 América, conceitos gerais,1687
 civilização, conceitos gerais,552
 antigo, tempo,2370
 América, Indepêndencia,1643
 América, escravo,648
 América, negro,775
 Indepêndencia, escravo,262
 Indepêndencia, negro,233
 Indepêndencia, civilização,272
 Indepêndencia, tempo,1663
 Indepêndencia, conceitos gerais,550
 escravo, negro,963
 civilização, escravo,239
 escravo, tempo,1730
 conceitos gerais, escravo,601
 civilização, negro,239
 negro, tempo,1575
 conceitos gerais, negro,437
 educación, europeu,208
 colonia, educación,1715
 antigo, educación,1334
 América, europeu,379
 América, colonia,2041
 América, antigo,1355
 colonia, europeu,222
 antigo, europeu,118
 antigo, colonia,693
 América, presente,1601
 civilização, presente,394
 presente, tempo,2714
 educación, tempo,5334
 América, progresso,1072
 presente, progresso,472
 civilização, progresso,619
 America-Latina, civilização,73
 América, crise e critica,1384
 Indepêndencia, português,300
 português, tempo,990
 América, português,889
 europeu, português,89
 América, singular,613
 colonia, singular,206
 passado, presente,1138
 América, ciência,2861
 ciência, colonia,788
 Sciencia, ciência,4677
 America meridional, Sciencia,14
 America meridional, ciência,35
 crise e critica, educación,1090
 civilização, crise e critica,261
 antigo, civilização,353
 antigo, crise e critica,312
 América, Sul-América,213
 cultura, presente,550
 Síntese, colonia,145
 América, profissional,101
 colonia, profissional,20
 antigo, profissional,34
 colonia, tempo,2535
 América, mixto,65
 conceitos gerais, mixto,28
 Pan-América, educación,259
 cruzado, educación,116
 educación, passado,1309
 América, cruzado,142
 América, passado,870
 Pan-América, cruzado,7
 Pan-América, passado,57
 Pan-América, colonia,68
 cruzado, passado,40
 colonia, cruzado,43
 colonia, passado,511
 conceitos gerais, educación,1789
 América, América do Norte,467
 America meridional, tempo,93
 America meridional, colonia,70
 crise e critica, tempo,1177
 América, setanejo,51
 português, setanejo,9
 setanejo, singular,12
 português, singular,86
 América, cultura,2185
 civilização, passado,389
 conceitos gerais, passado,988
 cultura, passado,304
 civilização, cultura,776
 Sciencia, civilização,360
 Sciencia, cultura,518
 civilização, ciência,809
 ciência, cultura,1082
 Sciencia, educación,1385
 ciência, educación,3002
 America-Latina, educación,160
 Sciencia, colonia,300
 America-Latina, Sciencia,39
 America-Latina, ciência,96
 America-Latina, colonia,78
 educación, progresso,1277
 crise e critica, progresso,253
 Síntese, educación,376
 América, Síntese,543
 Síntese, tempo,330
 América, mesclado,12
 mesclado, negro,12
 Indepêndencia, Síntese,140
 Síntese, crise e critica,156
 América, metodo,503
 América, metodista,221
 crise e critica, metodo,187
 antropofagia, metodo,1409
 metodista, metodo,792
 antropofagia, crise e critica,358
 crise e critica, metodista,71
 antropofagia, metodista,796
 passado, tempo,2451
 Indepêndencia, educación,1547
 cultura, educación,1828
 Indepêndencia, passado,350
 Indepêndencia, cultura,457
 América, branco,742
 branco, tempo,1254
 branco, conceitos gerais,479
 América, Sciencia,1249
 Sciencia, tempo,1268
 ciência, tempo,2969
 ciência, escravo,410
 ciência, conceitos gerais,1285
 educación, presente,1819
 educación, metodista,257
 Sciencia, Síntese,152
 Sciencia, conceitos gerais,521
 Sciencia, metodista,149
 Síntese, civilização,154
 Síntese, ciência,303
 Síntese, conceitos gerais,116
 Síntese, metodista,29
 civilização, metodista,58
 ciência, metodista,214
 conceitos gerais, metodista,129
 América, romantismo,236
 Sciencia, romantismo,56
 ciência, romantismo,106
 antigo, cultura,445
 América, caboclo,42
 branco, caboclo,54
 caboclo, ciência,24
 caboclo, singular,11
 branco, ciência,379
 branco, singular,105
 ciência, singular,281
 branco, educación,895
 educación, português,578
 branco, português,183
 conceitos gerais, português,351
 América, índio,1781
 português, índio,427
 ciência, português,384
 ciência, índio,816
 antigo, singular,293
 America meridional, América,132
 America meridional, cultura,21
 negro, presente,540
 America-Latina, América,395
 America-Latina, conceitos gerais,58
 America-Latina, cultura,94
 colonia, conceitos gerais,613
 antropofagia, conceitos gerais,377
 conceitos gerais, universal,223
 antropofagia, colonia,327
 colonia, universal,166
 colonia, cultura,771
 America-Latina, antropofagia,45
 antropofagia, cultura,485
 America-Latina, universal,21
 cultura, universal,249
 America-Latina, crise e critica,44
 América, criollo,188
 criollo, índio,116
 colonia, índio,1603
 cultura, índio,612
 colonia, criollo,116
 criollo, cultura,66
 América, universidade,1045
 singular, tempo,664
 criollo, educación,89
 educación, índio,1692
 criollo, tempo,113
 tempo, índio,3738
 crise e critica, universidade,224
 colonia, universidade,341
 colonia, crise e critica,380
 América, pardo,133
 criollo, pardo,6
 colonia, pardo,142
 Sciencia, índio,296
 Sciencia, criollo,21
 Sciencia, crise e critica,365
 Sciencia, antigo,369
 crise e critica, índio,319
 antigo, índio,896
 ciência, criollo,45
 criollo, crise e critica,20
 antigo, criollo,29
 ciência, crise e critica,764
 antigo, ciência,808
 América, mezclado,47
 cultura, mezclado,15
 pardo, índio,243
 educación, singular,461
 América, positivismo,77
 tempo, universidade,782
 ciência, universidade,853
 Sciencia, metodo,239
 Sciencia, antropofagia,504
 ciência, metodo,383
 conceitos gerais, metodo,139
 antropofagia, ciência,903
 educación, universidade,1187
 Sciencia, universidade,442
 Sciencia, passado,411
 ciência, passado,881
 Sciencia, positivismo,43
 ciência, positivismo,63
 cultura, positivismo,26
 América, Geschichte,27
 Sciencia, Sul-América,37
 Sul-América, conceitos gerais,97
 Sul-América, ciência,92
 America meridional, Sul-América,9
 America meridional, conceitos gerais,26
 Geschichte, índio,11
 Geschichte, universal,10
 Geschichte, antropofagia,17
 universal, índio,175
 antropofagia, índio,372
 antigo, presente,641
 negro, índio,1176
 Geschichte, conceitos gerais,6
 Geschichte, cultura,10
 conceitos gerais, índio,884
 Sciencia, presente,455
 ciência, presente,1057
 criollo, progresso,10
 passado, progresso,435
 America-Latina, universidade,82
 Sciencia, português,140
 crise e critica, português,201
 colonia, presente,676
 America meridional, educación,64
 America meridional, America-Latina,13
 conceitos gerais, universidade,168
 America meridional, universidade,20
 crise e critica, passado,346
 civilização, colonia,478
 crise e critica, cultura,466
 America meridional, civilização,28
 cultura, universidade,588
 America-Latina, passado,26
 educación, positivismo,51
 passado, positivismo,15
 branco, presente,433
 branco, escravo,389
 escravo, singular,85
 cultura, escravo,273
 branco, cultura,198
 cultura, singular,223
 mixto, romantismo,3
 antigo, escravo,362
 América, preto,183
 preto, romantismo,4
 conceitos gerais, romantismo,54
 conceitos gerais, preto,200
 presente, universal,213
 antropofagia, presente,375
 tempo, universal,570
 antropofagia, tempo,1050
 antigo, universal,134
 antigo, antropofagia,260
 conceitos gerais, presente,777
 branco, pardo,193
 pardo, setanejo,12
 branco, setanejo,31
 civilização, singular,126
 Síntese, mixto,9
 Síntese, presente,146
 Síntese, antigo,100
 mixto, presente,19
 mixto, tempo,66
 antigo, mixto,14
 Síntese, universal,73
 Síntese, antropofagia,157
 crise e critica, universal,162
 Sciencia, universal,257
 ciência, universal,492
 educación, metodo,475
 Sciencia, progresso,541
 metodo, universidade,133
 metodo, passado,91
 metodo, progresso,113
 metodo, tempo,441
 colonia, metodo,142
 passado, universidade,142
 progresso, universidade,259
 antropofagia, universidade,281
 metodista, universidade,58
 antropofagia, passado,250
 metodista, passado,84
 ciência, progresso,952
 antropofagia, progresso,346
 metodista, progresso,72
 colonia, progresso,505
 metodista, tempo,254
 colonia, metodista,76
 crise e critica, presente,394
 conceitos gerais, crise e critica,429
 progresso, universal,212
 progresso, singular,109
 singular, universal,70
 antropofagia, singular,125
 América, ontologi,21
 ontologi, progresso,1
 ontologi, tempo,13
 educación, escravo,799
 Sciencia, europeu,60
 europeu, universidade,35
 civilização, universidade,208
 universal, universidade,133
 antigo, universidade,224
 civilização, europeu,132
 europeu, progresso,90
 europeu, tempo,368
 ciência, europeu,135
 europeu, universal,41
 antropofagia, europeu,57
 antigo, progresso,363
 América do Sul, educación,224
 América, América do Sul,525
 América do Sul, metodo,15
 metodo, índio,166
 civilização, metodo,115
 antigo, metodo,119
 América do Sul, índio,168
 América do Sul, civilização,91
 América do Sul, crise e critica,44
 América do Sul, antropofagia,45
 América do Sul, antigo,93
 civilização, índio,665
 metodo, presente,147
 Síntese, metodo,76
 América, história,519
 crise e critica, história,207
 metodo, universal,74
 cultura, metodo,207
 Síntese, cultura,270
 preto, tempo,568
 colonia, negro,599
 negro, singular,129
 América do Sul, tempo,253
 caboclo, conceitos gerais,39
 Indepêndencia, setanejo,14
 mixto, índio,20
 cultura, mixto,21
 presente, índio,1068
 educación, negro,777
 variações mestiço es, índio,542
 cultura, variações mestiço es,88
 escravo, português,184
 Síntese, português,33
 passado, português,263
 passado, índio,802
 América, variações mestiço es,220
 português, variações mestiço es,15
 antropofagia, português,116
 português, universal,72
 branco, negro,652
 negro, português,247
 antigo, negro,404
 antigo, branco,355
 português, presente,223
 antigo, português,307
 Sciencia, ontologi,9
 ciência, ontologi,14
 ontologi, universal,5
 antropofagia, ontologi,8
 crise e critica, profissional,31
 escravo, metodo,58
 antropofagia, escravo,146
 escravo, metodista,54
 colonia, escravo,589
 América, miscinegação,72
 miscinegação, índio,145
 negro, passado,397
 miscinegação, negro,109
 miscinegação, passado,27
 conceitos gerais, miscinegação,57
 colonia, miscinegação,63
 português, progresso,106
 civilização, português,164
 colonia, português,572
 progresso, índio,344
 educación, historiografia,151
 América, historiografia,162
 Sciencia, historiografia,50
 historiografia, progresso,42
 ciência, historiografia,109
 conceitos gerais, historiografia,32
 cultura, historiografia,97
 Sul-América, português,44
 Sul-América, colonia,81
 Sul-América, miscinegação,9
 miscinegação, português,39
 metodista, índio,76
 Sul-América, antropofagia,27
 Sul-América, universal,23
 Pan-América, universidade,85
 Pan-América, cultura,117
 América do Norte, universidade,84
 América do Norte, antropofagia,49
 América do Norte, universal,29
 educación, metódico,48
 América, metódico,62
 metódico, português,4
 educación, preto,387
 Sciencia, preto,72
 ciência, preto,165
 cultura, preto,104
 branco, civilização,208
 branco, progresso,154
 Indepêndencia, ciência,669
 Indepêndencia, crise e critica,340
 profissional, tempo,131
 America meridional, metodo,4
 metodo, singular,49
 America meridional, crise e critica,18
 crise e critica, singular,132
 America meridional, antropofagia,12
 America meridional, singular,7
 educación, variações mestiço es,133
 singular, índio,263
 singular, variações mestiço es,22
 educación, hispano-américa,255
 América, hispano-américa,543
 hispano-américa, português,47
 hispano-américa, progresso,49
 colonia, hispano-américa,272
 América, mulato,65
 mulato, pardo,38
 mulato, índio,125
 mulato, negro,259
 colonia, mulato,69
 mulato, singular,9
 cultura, mulato,28
 negro, pardo,191
 pardo, singular,25
 cultura, pardo,27
 cultura, negro,251
 singular, universidade,83
 hispano-américa, universidade,98
 civilização, hispano-américa,80
 criollo, presente,27
 escravo, universal,85
 antigo, passado,659
 metódico, profissional,1
 cruzado, tempo,144
 America-Latina, presente,57
 America-Latina, progresso,54
 ciência, pardo,84
 antropofagia, negro,123
 negro, universal,68
 Sciencia, singular,130
 história, português,331
 história, tempo,759
 Sciencia, branco,149
 antigo, conceitos gerais,653
 mulato, presente,33
 crise e critica, europeu,60
 preto, universal,54
 antropofagia, preto,63
 branco, passado,443
 Geschichte, tempo,19
 América do Norte, tempo,221
 América, Ibero-América,72
 Ibero-América, índio,16
 Ibero-América, civilização,14
 hispano-américa, negro,31
 passado, universal,152
 escravo, passado,407
 educación, profissional,146
 negro, profissional,10
 conceitos gerais, profissional,66
 cultura, profissional,63
 metodista, universal,36
 mixto, negro,23
 mixto, singular,6
 Indepêndencia, progresso,327
 ciência, negro,400
 escravo, índio,1136
 escravo, presente,421
 Síntese, negro,36
 Síntese, escravo,26
 Sciencia, negro,151
 conceitos gerais, europeu,158
 europeu, singular,51
 conceitos gerais, singular,199
 Síntese, setanejo,4
 cultura, português,173
 ciência, setanejo,29
 cultura, setanejo,30
 branco, europeu,120
 europeu, presente,90
 America-Latina, positivismo,2
 positivismo, universal,17
 antropofagia, positivismo,35
 presente, universidade,264
 America-Latina, romantismo,11
 historiografia, romantismo,20
 português, romantismo,35
 crise e critica, romantismo,80
 America-Latina, historiografia,11
 America-Latina, português,27
 historiografia, português,16
 crise e critica, historiografia,99
 passado, romantismo,39
 progresso, romantismo,44
 história, metodo,48
 história, passado,413
 história, metodista,15
 antropofagia, história,130
 metodista, presente,87
 antigo, metodista,76
 America-Latina, tempo,122
 America-Latina, América do Sul,25
 América do Sul, negro,70
 América do Sul, progresso,75
 América do Sul, metodista,11
 América do Sul, singular,28
 America-Latina, negro,17
 America-Latina, metodista,6
 America-Latina, singular,38
 negro, progresso,190
 metodista, negro,44
 metodista, singular,18
 conceitos gerais, mulato,52
 América, historik,1
 historik, índio,1
 Sciencia, hispano-américa,35
 europeu, hispano-américa,28
 ciência, hispano-américa,89
 hispano-américa, singular,29
 europeu, metodo,15
 europeu, metodista,17
 cultura, metodista,81
 América do Sul, passado,71
 América do Sul, cultura,77
 América do Norte, educación,227
 América do Norte, Síntese,33
 Síntese, singular,57
 América do Norte, civilização,76
 América do Norte, singular,24
 cruzado, português,17
 civilização, cruzado,46
 ciência, cruzado,78
 crise e critica, preto,50
 antigo, preto,160
 romantismo, tempo,190
 escravo, pardo,134
 antigo, pardo,99
 branco, índio,687
 branco, colonia,278
 América, híbrido,9
 híbrido, índio,7
 hispano-américa, índio,184
 América, sudamericano,188
 sudamericano, índio,37
 presente, sudamericano,29
 sudamericano, tempo,65
 antigo, sudamericano,21
 civilização, mulato,26
 presente, singular,193
 Ibero-América, educación,35
 Ibero-América, colonia,16
 America-Latina, Ibero-América,10
 Indepêndencia, Sciencia,221
 America-Latina, metodo,18
 Indepêndencia, metodo,79
 metodo, português,33
 America-Latina, Indepêndencia,68
 Indepêndencia, colonia,1066
 Indepêndencia, metodista,35
 Indepêndencia, antropofagia,225
 metodista, português,13
 educación, romantismo,157
 cultura, europeu,116
 Indepêndencia, romantismo,49
 presente, romantismo,38
 cultura, romantismo,101
 Indepêndencia, presente,602
 Sul-América, civilização,64
 América, América Central,34
 Sul-América, europeu,34
 Sul-América, crise e critica,31
 Sul-América, profissional,3
 América Central, Sul-América,3
 europeu, profissional,7
 América Central, europeu,9
 português, profissional,12
 América Central, português,3
 América Central, crise e critica,2
 América Central, profissional,1
 Sul-América, educación,136
 America-Latina, Sul-América,17
 Sul-América, cultura,40
 America-Latina, europeu,23
 passado, profissional,32
 universidade, índio,315
 negro, preto,272
 preto, índio,306
 progresso, sudamericano,13
 branco, crise e critica,160
 crise e critica, negro,165
 caboclo, português,17
 educación, mameluco,34
 América, mameluco,24
 mameluco, português,15
 cruzado, mameluco,1
 Síntese, progresso,100
 crise e critica, cruzado,26
 cruzado, cultura,47
 Indepêndencia, Pan-América,70
 América do Sul, Pan-América,28
 Pan-América, progresso,55
 América do Sul, Indepêndencia,163
 educación, pardo,194
 Pan-América, pardo,3
 Pan-América, branco,87
 Pan-América, presente,83
 pardo, presente,106
 America-Latina, Pan-América,60
 Pan-América, tempo,137
 Pan-América, ciência,139
 Pan-América, antropofagia,49
 Pan-América, universal,33
 Pan-América, europeu,27
 América, historia da américa,331
 America-Latina, historia da américa,18
 europeu, historia da américa,53
 historia da américa, tempo,662
 ciência, historia da américa,352
 colonia, historia da américa,307
 Pan-América, índio,47
 America meridional, Pan-América,4
 América do Sul, universidade,43
 América do Sul, presente,77
 America meridional, América do Sul,18
 America meridional, índio,58
 America meridional, progresso,24
 America meridional, presente,41
 Sul-América, índio,44
 Sul-América, presente,43
 Sul-América, tempo,153
 Sul-América, positivismo,3
 positivismo, índio,8
 positivismo, presente,11
 positivismo, tempo,40
 crise e critica, positivismo,33
 metodo, positivismo,16
 metodista, positivismo,11
 Sul-América, universidade,24
 Sul-América, hispano-américa,15
 hispano-américa, presente,68
 português, universidade,139
 cruzado, progresso,24
 profissional, progresso,49
 America Portuguesa, educación,31
 America Portuguesa, América,25
 America Portuguesa, português,91
 America Portuguesa, passado,9
 metodo, profissional,11
 ciência, profissional,103
 metodista, profissional,7
 antropofagia, profissional,13
 negro, romantismo,27
 educación, história,698
 Sciencia, história,178
 civilização, história,221
 ciência, história,476
 América do Sul, conceitos gerais,89
 Sciencia, caboclo,7
 caboclo, índio,68
 caboclo, negro,57
 caboclo, passado,26
 caboclo, civilização,34
 caboclo, cultura,15
 passado, singular,142
 caboclo, tempo,91
 historiografia, tempo,143
 branco, metodo,31
 branco, metodista,35
 antropofagia, branco,112
 escravo, progresso,231
 Síntese, sudamericano,9
 civilização, sudamericano,11
 cultura, sudamericano,39
 civilização, positivismo,11
 mixto, progresso,14
 Síntese, passado,87
 América do Norte, crise e critica,55
 América do Norte, antigo,71
 América, Organon,2
 Organon, cultura,1
 escravo, europeu,126
 educación, mulato,58
 mulato, universidade,9
 negro, universidade,88
 antropofagia, mulato,14
 historiografia, singular,25
 América do Sul, Sciencia,51
 América do Sul, ciência,102
 Pan-América, Sciencia,47
 cruzado, preto,12
 América Central, tempo,24
 Pan-América, história,139
 Pan-América, antigo,47
 colonia, história,285
 antigo, história,285
 conceitos gerais, criollo,13
 criollo, metódico,3
 metódico, tempo,47
 conceitos gerais, metódico,9
 America Austral, educación,4
 America Austral, América,9
 America Austral, tempo,6
 America Austral, antigo,2
 metódico, progresso,13
 colonia, metódico,20
 civilização, romantismo,60
 Síntese, universidade,88
 América do Norte, cultura,94
 crise e critica, escravo,146
 europeu, negro,147
 mesclado, pardo,2
 educación, miscinegação,70
 América do Sul, miscinegação,10
 América do Sul, colonia,205
 cultura, história,259
 América do Sul, europeu,56
 conceitos gerais, história,390
 história, profissional,28
 profissional, singular,13
 América do Sul, branco,51
 América do Sul, história,55
 história, negro,130
 branco, história,295
 branco, miscinegação,82
 civilização, miscinegação,34
 história, miscinegação,25
 metodo, negro,48
 branco, preto,445
 civilização, variações mestiço es,45
 tempo, variações mestiço es,159
 colonia, variações mestiço es,119
 antigo, variações mestiço es,49
 América Central, América do Sul,10
 América Central, antigo,10
 América do Sul, universal,27
 Sul-América, passado,64
 Sul-América, progresso,54
 América do Sul, historia da américa,45
 antropofagia, historia da américa,178
 historia da américa, universal,75
 europeu, miscinegação,38
 miscinegação, progresso,16
 miscinegação, tempo,92
 ciência, miscinegação,39
 cultura, miscinegação,39
 Indepêndencia, universidade,286
 escravo, universidade,63
 Indepêndencia, singular,125
 hispano-américa, tempo,246
 conceitos gerais, hispano-américa,47
 cultura, hispano-américa,131
 crise e critica, hispano-américa,62
 antropofagia, hispano-américa,54
 hispano-américa, universal,34
 América do Norte, passado,47
 Geschichte, educación,19
 Geschichte, universidade,12
 Geschichte, crise e critica,13
 America-Latina, Síntese,25
 America meridional, Indepêndencia,28
 Indepêndencia, hispano-américa,211
 America meridional, hispano-américa,7
 positivismo, romantismo,25
 colonia, romantismo,64
 América do Norte, colonia,175
 América do Norte, europeu,20
 europeu, passado,118
 América Central, educación,15
 Sciencia, profissional,56
 civilização, profissional,21
 branco, universal,78
 América Central, conceitos gerais,6
 história, presente,284
 história, universidade,187
 hispano-américa, história,23
 história, progresso,159
 Pan-América, metodo,12
 Pan-América, metodista,2
 America Austral, Pan-América,1
 antropofagia, romantismo,61
 romantismo, universal,28
 América do Sul, escravo,28
 América do Sul, português,56
 criollo, universidade,36
 civilização, criollo,24
 escravo, mulato,167
 escravo, hispano-américa,23
 hispano-américa, passado,16
 civilização, pardo,25
 pardo, tempo,429
 Síntese, europeu,12
 europeu, historiografia,10
 historiografia, presente,52
 Indepêndencia, criollo,59
 criollo, singular,21
 América do Sul, hispano-américa,70
 branco, hispano-américa,19
 escravo, profissional,13
 Síntese, branco,40
 América do Norte, Pan-América,32
 América do Norte, América do Sul,84
 America-Latina, América do Norte,31
 Pan-América, crise e critica,36
 América do Sul, Sul-América,49
 América do Norte, Sul-América,16
 América do Norte, conceitos gerais,68
 Sciencia, metódico,15
 ciência, metódico,42
 antigo, metódico,8
 mezclado, índio,20
 antigo, mezclado,7
 America meridional, português,25
 América do Norte, presente,82
 América do Norte, progresso,75
 América do Norte, ciência,108
 história, singular,86
 America Portuguesa, tempo,47
 America Portuguesa, antigo,24
 profissional, índio,16
 educación, mixto,58
 educación, mezclado,23
 historiografia, metodo,44
 Síntese, historiografia,32
 historiografia, passado,45
 historiografia, metodista,9
 antropofagia, historiografia,77
 historiografia, universal,25
 colonia, positivismo,10
 historiografia, índio,62
 colonia, historiografia,85
 Geschichte, passado,4
 Geschichte, Sciencia,6
 Geschichte, ciência,12
 preto, progresso,80
 América do Norte, Sciencia,46
 Indepêndencia, universal,138
 Indepêndencia, antigo,403
 América Central, Pan-América,3
 América Central, progresso,9
 America-Latina, antigo,105
 America-Latina, pardo,3
 Pan-América, negro,10
 Pan-América, Sul-América,22
 América Central, Indepêndencia,4
 América Central, colonia,9
 Ibero-América, ciência,32
 America-Latina, hispano-américa,43
 América Central, singular,4
 América Central, presente,10
 hispano-américa, mesclado,1
 colonia, mesclado,5
 Indepêndencia, mulato,18
 Indepêndencia, índio,495
 hispano-américa, mulato,5
 mulato, tempo,189
 Sciencia, variações mestiço es,39
 criollo, romantismo,6
 romantismo, índio,56
 romantismo, variações mestiço es,9
 criollo, variações mestiço es,6
 ciência, variações mestiço es,91
 América do Sul, Geschichte,7
 Geschichte, português,3
 Geschichte, negro,5
 Geschichte, civilização,10
 historiografia, mixto,1
 civilização, historiografia,39
 mixto, português,13
 civilização, mixto,16
 ciência, mixto,25
 colonia, mixto,24
 escravo, historiografia,12
 branco, historiografia,17
 historiografia, negro,19
 europeu, índio,219
 português, preto,52
 Sul-América, antigo,52
 América do Norte, Indepêndencia,168
 América do Norte, português,36
 colonia, ensino de história,30
 Sciencia, cruzado,25
 conceitos gerais, cruzado,49
 Pan-América, hispano-américa,25
 educación, sudamericano,115
 América, literatura,591
 sudamericano, universidade,19
 literatura, universidade,302
 literatura, sudamericano,17
 literatura, variações mestiço es,39
 literatura, índio,234
 Indepêndencia, história,182
 Interamericana, educación,44
 América, Interamericana,87
 Interamericana, Síntese,10
 Interamericana, cultura,33
 Tradição, educación,525
 América, Tradição,405
 Tradição, índio,273
 Tradição, tempo,794
 particular, tempo,2486
 educación, particular,1571
 Indepêndencia, particular,536
 crise e critica, particular,331
 particular, singular,361
 metódico, romantismo,8
 Sciencia, particular,353
 ciência, particular,869
 antropofagia, particular,325
 particular, universal,153
 cultura, particular,485
 antropofagia, criollo,24
 criollo, universal,15
 educación, literatura,950
 Indepêndencia, literatura,234
 escravo, literatura,60
 literatura, progresso,284
 ciência, literatura,720
 colonia, literatura,274
 cultura, literatura,435
 educación, ensino,984
 América, ensino,289
 ensino, índio,321
 civilização, ensino,154
 conceitos gerais, ensino,286
 cultura, ensino,249
 Indepêndencia, mixto,18
 América, particular,853
 antigo, historiografia,54
 historiografia, particular,56
 particular, índio,1065
 civilização, particular,311
 antigo, particular,1253
 universidade, variações mestiço es,60
 cruzado, índio,52
 antigo, cruzado,38
 cruzado, particular,39
 criollo, hispano-américa,26
 Síntese, romantismo,24
 Síntese, metódico,12
 Síntese, literatura,92
 literatura, romantismo,118
 literatura, tempo,841
 conceitos gerais, literatura,217
 crise e critica, metódico,22
 crise e critica, literatura,379
 literatura, metódico,9
 cultura, metódico,34
 mezclado, progresso,4
 ciência, mezclado,13
 mezclado, particular,8
 particular, progresso,426
 colonia, particular,741
 hispano-américa, particular,67
 particular, presente,899
 America-Latina, índio,48
 Sciencia, ensino,305
 ensino, tempo,738
 ciência, ensino,543
 ensino, particular,890
 ensino, escravo,131
 ensino, literatura,448
 América, ensino de história,131
 Pan-América, ensino de história,10
 Pan-América, sudamericano,4
 Pan-América, particular,36
 ensino de história, sudamericano,3
 ensino de história, tempo,39
 ensino de história, particular,17
 colonia, sudamericano,39
 particular, sudamericano,21
 particular, romantismo,31
 Indepêndencia, Tradição,164
 Tradição, negro,119
 Tradição, civilização,180
 Tradição, colonia,222
 Tradição, cultura,277
 antigo, romantismo,46
 antigo, literatura,471
 Síntese, história,79
 Tradição, antigo,856
 literatura, metodo,120
 literatura, negro,98
 antropofagia, literatura,258
 metodo, variações mestiço es,25
 antropofagia, variações mestiço es,51
 Ibero-América, português,12
 Ibero-América, tempo,28
 Ibero-América, particular,10
 Ibero-América, literatura,12
 Ibero-América, cultura,37
 particular, português,253
 literatura, português,136
 literatura, particular,510
 Sul-América, história,52
 America Portuguesa, Sul-América,3
 história, índio,195
 America Portuguesa, índio,31
 europeu, história,77
 America Portuguesa, europeu,5
 America Portuguesa, história,9
 America Portuguesa, crise e critica,8
 America Portuguesa, colonia,52
 America Portuguesa, cultura,7
 literatura, presente,318
 América do Norte, história,32
 America-Latina, história,38
 história, literatura,172
 América do Norte, literatura,50
 America-Latina, literatura,114
 cruzado, europeu,8
 Tradição, português,118
 Tradição, história,226
 América do Sul, historiografia,8
 particular, passado,613
 profissional, universidade,33
 ensino, universidade,266
 crise e critica, ensino,122
 literatura, profissional,22
 ensino, profissional,55
 colonia, ensino,217
 América do Sul, variações mestiço es,9
 Indepêndencia, variações mestiço es,46
 escravo, variações mestiço es,24
 Sul-América, romantismo,6
 América do Sul, romantismo,9
 Tradição, metodo,46
 historiografia, história,27
 Tradição, historiografia,26
 Tradição, europeu,42
 Tradição, conceitos gerais,1436
 Tradição, metodista,16
 Tradição, antropofagia,115
 Síntese, ensino,30
 ensino, historiografia,12
 antigo, ensino,650
 Indepêndencia, mameluco,9
 mameluco, índio,132
 civilização, mameluco,12
 mameluco, progresso,13
 colonia, mameluco,45
 cultura, mameluco,10
 historiografia, universidade,48
 Interamericana, historiografia,4
 Interamericana, universidade,21
 Interamericana, tempo,25
 Interamericana, crise e critica,9
 Interamericana, antropofagia,11
 Interamericana, universal,5
 Ibero-América, criollo,1
 Ibero-América, crise e critica,10
 Ibero-América, ensino,6
 criollo, particular,29
 criollo, ensino,13
 Síntese, índio,99
 cruzado, hispano-américa,4
 America-Latina, cruzado,3
 cruzado, presente,49
 antropofagia, cruzado,15
 cruzado, universal,9
 literatura, universal,128
 Interamericana, Pan-América,43
 Pan-América, singular,15
 Indepêndencia, Interamericana,18
 Interamericana, singular,2
 metodo, particular,148
 América, narrativa,105
 Indepêndencia, narrativa,89
 negro, particular,445
 narrativa, negro,79
 civilização, narrativa,54
 narrativa, tempo,395
 antigo, narrativa,192
 narrativa, particular,271
 Sciencia, Tradição,139
 cruzado, universidade,22
 Tradição, universidade,88
 Tradição, cruzado,13
 Tradição, ciência,363
 Tradição, crise e critica,153
 Interamericana, Sciencia,10
 Interamericana, ciência,32
 América do Sul, Tradição,38
 Tradição, hispano-américa,29
 particular, universidade,258
 Síntese, particular,99
 Tradição, universal,56
 literatura, passado,244
 civilização, literatura,188
 Sciencia, literatura,417
 Ibero-América, Sciencia,16
 Ibero-América, universidade,29
 branco, universidade,70
 Ibero-América, branco,2
 Ibero-América, profissional,2
 branco, profissional,24
 branco, literatura,101
 Tradição, literatura,362
 América do Norte, particular,65
 América do Norte, Tradição,31
 conceitos gerais, particular,662
 Tradição, particular,612
 educación, ontologi,8
 ontologi, índio,6
 civilização, ontologi,2
 antigo, ontologi,9
 Tradição, ontologi,6
 cultura, ontologi,5
 Tradição, presente,238
 metodo, ontologi,3
 literatura, ontologi,3
 América do Sul, ontologi,3
 crise e critica, ontologi,5
 América do Norte, ontologi,2
 América do Norte, hispano-américa,71
 América do Sul, particular,86
 hispano-américa, sudamericano,35
 antigo, hispano-américa,62
 Tradição, criollo,17
 Tradição, romantismo,27
 Tradição, metódico,7
 Síntese, Tradição,70
 Indepêndencia, historiografia,42
 historiografia, literatura,51
 Ibero-América, Indepêndencia,17
 Ibero-América, sudamericano,2
 Indepêndencia, sudamericano,83
 colonia, narrativa,114
 América do Norte, sudamericano,21
 ciência, narrativa,156
 América do Norte, negro,43
 antropofagia, metódico,24
 metódico, universal,6
 história, ontologi,1
 América do Norte, índio,127
 particular, variações mestiço es,64
 educación, narrativa,213
 narrativa, índio,168
 cultura, narrativa,61
 Indepêndencia, branco,193
 Indepêndencia, ensino,140
 Síntese, criollo,14
 Síntese, mulato,1
 mulato, sudamericano,1
 negro, sudamericano,8
 Tradição, singular,221
 America meridional, sudamericano,4
 hispano-américa, metodo,21
 Sciencia, escravo,106
 criollo, escravo,16
 colonia, preto,86
 Tradição, preto,53
 civilização, ensino de história,37
 crise e critica, ensino de história,28
 conceitos gerais, ensino de história,1
 ciência, ensino de história,55
 ensino de história, narrativa,5
 cultura, ensino de história,64
 crise e critica, narrativa,106
 conceitos gerais, narrativa,138
 Tradição, narrativa,164
 America-Latina, ensino de história,9
 ensino de história, metodo,46
 antropofagia, ensino de história,66
 ensino de história, literatura,23
 America-Latina, narrativa,18
 metodo, narrativa,22
 antropofagia, narrativa,52
 literatura, narrativa,148
 cruzado, negro,36
 educación, ensino de história,99
 ensino de história, hispano-américa,16
 America-Latina, particular,145
 ensino de história, português,8
 América, indoamérica,4
 America-Latina, indoamérica,1
 ensino de história, indoamérica,1
 indoamérica, índio,4
 ensino de história, índio,15
 ensino de história, progresso,16
 ensino de história, história,15
 ensino, ensino de história,22
 ensino, metodo,142
 ensino, progresso,267
 ensino, história,154
 antropofagia, ensino,239
 ensino de história, presente,36
 antigo, ensino de história,10
 narrativa, presente,108
 ensino, presente,241
 ensino, narrativa,87
 Indepêndencia, ensino de história,20
 Síntese, ensino de história,15
 cruzado, ensino de história,1
 Indepêndencia, cruzado,57
 Síntese, cruzado,13
 Tradição, ensino de história,10
 hispano-américa, profissional,5
 ensino, hispano-américa,15
 ensino de história, profissional,1
 ensino de história, universal,26
 ensino, universal,95
 ensino de história, universidade,40
 hispano-américa, literatura,52
 Sciencia, ensino de história,18
 America-Latina, Tradição,108
 história, sudamericano,7
 história, particular,249
 América do Sul, ensino de história,1
 América do Sul, ensino,22
 metódico, presente,13
 América do Norte, metódico,4
 ontologi, presente,2
 negro, variações mestiço es,43
 Síntese, narrativa,12
 Pan-América, Tradição,43
 sudamericano, variações mestiço es,5
 América do Sul, Síntese,20
 América do Sul, sudamericano,21
 crise e critica, sudamericano,22
 antropofagia, sudamericano,11
 Interamericana, hispano-américa,8
 Interamericana, civilização,14
 historiografia, variações mestiço es,16
 criollo, historiografia,3
 Interamericana, variações mestiço es,7
 Interamericana, índio,18
 Interamericana, criollo,1
 criollo, negro,31
 cruzado, escravo,39
 criollo, mulato,11
 escravo, particular,520
 pardo, particular,109
 metódico, singular,9
 metódico, particular,19
 civilização, metódico,12
 Ibero-América, universal,8
 Ibero-América, antropofagia,13
 romantismo, singular,30
 metodo, romantismo,28
 ciência, sudamericano,17
 metódico, sudamericano,2
 Sciencia, sudamericano,7
 cruzado, singular,17
 Indepêndencia, metódico,11
 criollo, cruzado,8
 cruzado, romantismo,5
 cruzado, variações mestiço es,6
 presente, variações mestiço es,37
 conceitos gerais, variações mestiço es,31
 América do Norte, ensino,35
 Tradição, progresso,146
 crise e critica, variações mestiço es,39
 historiografia, sudamericano,2
 Pan-América, literatura,33
 America-Latina, Interamericana,12
 Interamericana, progresso,6
 Interamericana, literatura,11
 Interamericana, particular,8
 Ibero-América, antigo,6
 Tradição, variações mestiço es,22
 universal, variações mestiço es,22
 cruzado, ensino,15
 metódico, índio,14
 ontologi, universidade,3
 Indepêndencia, ontologi,1
 America meridional, variações mestiço es,2
 cruzado, literatura,21
 progresso, variações mestiço es,26
 Síntese, variações mestiço es,21
 ensino, variações mestiço es,13
 literatura, singular,186
 narrativa, singular,70
 metodo, metódico,14
 metódico, universidade,16
 metódico, variações mestiço es,6
 hispano-américa, variações mestiço es,27
 Síntese, miscinegação,3
 crise e critica, miscinegação,21
 mulato, universal,7
 mulato, particular,44
 ensino, sudamericano,8
 historiografia, metódico,6
 Pan-América, variações mestiço es,6
 Síntese, hispano-américa,32
 Síntese, profissional,4
 mixto, particular,17
 Pan-América, historiografia,8
 America-Latina, branco,42
 metodo, mixto,3
 metodista, mixto,3
 antropofagia, mixto,7
 branco, sudamericano,3
 particular, preto,157
 Indepêndencia, profissional,19
 América do Sul, literatura,37
 América do Sul, metódico,3
 Tradição, ensino,430
 sudamericano, universal,5
 metódico, negro,5
 America-Latina, ensino,91
 civilização, preto,73
 preto, sudamericano,2
 preto, profissional,11
 profissional, sudamericano,1
 Tradição, sudamericano,6
 Tradição, profissional,17
 América do Sul, preto,7
 ensino, preto,67
 Indepêndencia, preto,44
 branco, particular,314
 narrativa, universidade,32
 Pan-América, ensino,16
 branco, ensino,90
 Tradição, branco,142
 presente, preto,192
 Indepêndencia, mezclado,14
 branco, mezclado,1
 Pan-América, Síntese,19
 branco, cruzado,27
 Tradição, escravo,74
 Ibero-América, Síntese,4
 Ibero-América, presente,11
 mezclado, tempo,27
 América do Norte, mezclado,3
 America Oriental, índio,7
 America Oriental, tempo,3
 America Oriental, crise e critica,2
 Neolatino, Síntese,2
 Neolatino, ciência,4
 Neolatino, antigo,6
 Neolatino, literatura,12
 Neolatino, ensino,4
 criollo, literatura,29
 America meridional, antigo,39
 América do Norte, historiografia,6
 América do Norte, Interamericana,8
 América do Sul, Interamericana,5
 Interamericana, sudamericano,1
 America-Latina, sudamericano,7
 preto, singular,47
 romantismo, universidade,29
 Sciencia, narrativa,71
 hispano-américa, romantismo,14
 colonia, ontologi,4
 América do Sul, criollo,10
 América do Norte, criollo,15
 historiografia, narrativa,29
 ensino, romantismo,15
 América do Norte, romantismo,6
 criollo, narrativa,2
 ensino, negro,93
 ensino de história, historiografia,5
 pardo, universidade,11
 crise e critica, pardo,19
 literatura, pardo,13
 pardo, romantismo,3
 pardo, positivismo,1
 colonia, mezclado,16
 mezclado, variações mestiço es,5
 antropofagia, mezclado,3
 mezclado, universal,2
 escravo, narrativa,64
 hispano-américa, pardo,5
 ensino, metódico,4
 América do Norte, metodo,16
 America meridional, escravo,12
 America meridional, universal,8
 ensino, singular,148
 mixto, universidade,4
 Interamericana, colonia,19
 história, universal,70
 Interamericana, presente,8
 Interamericana, história,15
 criollo, metodo,5
 criollo, mameluco,1
 mameluco, singular,8
 Pan-América, português,32
 cruzado, mezclado,1
 America meridional, particular,53
 civilização, mezclado,5
 mezclado, singular,7
 Tradição, mezclado,3
 mameluco, presente,26
 América do Norte, mameluco,2
 positivismo, universidade,10
 Tradição, positivismo,3
 ensino, pardo,23
 cruzado, historiografia,3
 narrativa, romantismo,5
 cruzado, narrativa,5
 mezclado, sudamericano,2
 Sciencia, mulato,8
 crise e critica, mulato,14
 ciência, mulato,33
 Indepêndencia, pardo,72
 America meridional, Síntese,6
 Interamericana, ensino de história,8
 Geschichte, Síntese,7
 Geschichte, hispano-américa,5
 hispano-américa, historiografia,9
 narrativa, progresso,54
 história, narrativa,77
 hispano-américa, narrativa,9
 narrativa, universal,30
 America meridional, ensino de história,1
 história, positivismo,9
 literatura, positivismo,18
 conceitos gerais, pardo,85
 Tradição, pardo,22
 literatura, mulato,7
 historiografia, positivismo,7
 Síntese, positivismo,13
 conceitos gerais, positivismo,10
 miscinegação, singular,14
 positivismo, singular,6
 Ibero-América, historiografia,2
 Ibero-América, progresso,6
 America meridional, historiografia,2
 Pan-América, positivismo,2
 positivismo, progresso,18
 metodo, sudamericano,4
 America meridional, história,13
 Sul-América, sudamericano,2
 escravo, sudamericano,5
 Síntese, ontologi,2
 cruzado, miscinegação,6
 Ibero-América, Pan-América,7
 Ibero-América, Interamericana,4
 Indepêndencia, híbrido,1
 criollo, híbrido,2
 híbrido, negro,2
 híbrido, tempo,4
 ciência, híbrido,3
 colonia, híbrido,2
 antigo, híbrido,1
 cultura, híbrido,1
 America meridional, mezclado,2
 mezclado, negro,7
 mezclado, presente,2
 ensino de história, negro,3
 Indepêndencia, positivismo,6
 antigo, positivismo,6
 educación, indoamérica,2
 ciência, indoamérica,4
 cultura, indoamérica,2
 America Portuguesa, Sciencia,6
 America Portuguesa, ciência,13
 America Portuguesa, singular,5
 America Portuguesa, particular,20
 ensino, positivismo,5
 singular, sudamericano,4
 Interamericana, Tradição,7
 metodo, pardo,7
 antropofagia, pardo,21
 ensino de história, variações mestiço es,4
 Ibero-América, hispano-américa,5
 América do Norte, ensino de história,4
 Geschichte, historiografia,4
 Geschichte, literatura,7
 América do Norte, Ibero-América,4
 Ibero-América, ensino de história,5
 Ibero-América, metodo,4
 Ibero-América, variações mestiço es,3
 America-Latina, variações mestiço es,4
 ensino de história, singular,5
 hispano-américa, mezclado,5
 América do Sul, narrativa,14
 pardo, progresso,31
 América do Sul, cruzado,6
 escravo, história,111
 criollo, profissional,1
 particular, positivismo,9
 cruzado, história,19
 Interamericana, cruzado,1
 Interamericana, passado,2
 América do Norte, escravo,42
 historiografia, miscinegação,3
 Indepêndencia, miscinegação,13
 miscinegação, universidade,5
 escravo, miscinegação,78
 ensino, passado,193
 crise e critica, mixto,11
 Interamericana, antigo,6
 America meridional, criollo,2
 educación, historicismo,7
 historicismo, progresso,3
 historicismo, universal,4
 historicismo, literatura,2
 América do Norte, variações mestiço es,6
 América do Norte, mixto,7
 America meridional, mixto,3
 America meridional, América do Norte,6
 romantismo, sudamericano,2
 metódico, positivismo,1
 historiografia, pardo,5
 branco, romantismo,15
 particular, profissional,44
 criollo, português,3
 híbrido, particular,2
 América do Norte, narrativa,14
 cruzado, sudamericano,2
 Pan-América, romantismo,6
 literatura, mezclado,2
 America meridional, literatura,12
 América do Sul, pardo,6
 America meridional, negro,24
 metódico, mulato,1
 Interamericana, conceitos gerais,4
 America Portuguesa, Pan-América,3
 mixto, positivismo,1
 América do Norte, positivismo,1
 presente, profissional,35
 Sciencia, híbrido,1
 Geschichte, metodo,7
 híbrido, metodo,1
 Síntese, híbrido,1
 historiografia, híbrido,1
 Geschichte, híbrido,1
 Geschichte, singular,3
 crise e critica, híbrido,1
 antropofagia, híbrido,2
 híbrido, singular,1
 narrativa, português,65
 mezclado, português,1
 narrativa, pardo,14
 Síntese, mezclado,2
 America-Latina, mezclado,1
 crise e critica, mezclado,2
 América do Norte, profissional,4
 escravo, mezclado,4
 mesclado, tempo,16
 Ibero-América, Tradição,3
 Ibero-América, singular,3
 Ibero-América, romantismo,1
 Ibero-América, escravo,1
 escravo, romantismo,16
 America-Latina, escravo,7
 América, historicismo,5
 crise e critica, historicismo,2
 ensino, historicismo,1
 cultura, historicismo,5
 pardo, português,46
 português, sudamericano,6
 ensino, português,91
 metodo, mezclado,1
 mezclado, mixto,1
 metódico, mixto,1
 criollo, história,4
 história, variações mestiço es,11
 narrativa, variações mestiço es,5
 América do Sul, híbrido,1
 híbrido, progresso,2
 Tradição, híbrido,1
 antigo, mameluco,25
 conceitos gerais, mezclado,2
 antigo, miscinegação,32
 Neolatino, educación,8
 América, Neolatino,7
 Neolatino, universidade,2
 Neolatino, índio,4
 Neolatino, cultura,4
 mameluco, universidade,2
 ciência, mameluco,12
 criollo, sudamericano,7
 profissional, romantismo,3
 narrativa, profissional,2
 America meridional, ensino,13
 historicismo, romantismo,4
 Síntese, historicismo,1
 passado, variações mestiço es,22
 Tradição, passado,299
 America Austral, universidade,3
 America Austral, civilização,2
 America Austral, crise e critica,2
 America Austral, colonia,1
 America Austral, ensino,3
 America Austral, cultura,2
 Síntese, preto,14
 mameluco, negro,51
 Sciencia, pardo,23
 literatura, retórica,4
 America meridional, Tradição,10
 historia da américa, passado,157
 Pan-América, historia da américa,31
 Indepêndencia, europeu,91
 Indepêndencia, historia da américa,308
 europeu, particular,98
 historia da américa, presente,202
 historia da américa, história,146
 historia da américa, particular,247
 historia da américa, literatura,162
 historia da américa, índio,307
 branco, historia da américa,138
 escravo, historia da américa,137
 crise e critica, historia da américa,127
 historia da américa, miscinegação,29
 historia da américa, historiografia,12
 historia da américa, romantismo,15
 historia da américa, progresso,183
 cultura, historia da américa,234
 educación, historia da américa,648
 preto, universidade,35
 historia da américa, universidade,153
 hispano-américa, preto,3
 hispano-américa, historia da américa,13
 historia da américa, preto,64
 historia da américa, metodista,104
 historia da américa, mameluco,16
 conceitos gerais, mameluco,35
 historia da américa, negro,142
 conceitos gerais, historia da américa,272
 Sciencia, historia da américa,176
 Tradição, historia da américa,88
 America Oriental, educación,3
 America Oriental, América,3
 America Oriental, universidade,1
 historia da américa, variações mestiço es,14
 America Oriental, variações mestiço es,1
 America Oriental, historia da américa,2
 America Oriental, ciência,2
 civilização, historia da américa,181
 Síntese, historia da américa,39
 antigo, historia da américa,184
 historia da américa, metodo,101
 ensino, historia da américa,207
 América do Norte, caboclo,1
 América do Norte, branco,42
 Sul-América, historia da américa,16
 Sul-América, literatura,26
 América do Norte, historia da américa,47
 América do Sul, profissional,4
 Sul-América, particular,43
 historia da américa, profissional,20
 europeu, positivismo,1
 historia da américa, positivismo,10
 metodista, particular,94
 America Austral, Sciencia,2
 America Austral, ciência,2
 America Austral, particular,3
 America Austral, literatura,1
 Sul-América, Síntese,10
 Sul-América, Tradição,23
 historia da américa, pardo,25
 Geschichte, presente,6
 Geschichte, historia da américa,11
 Geschichte, colonia,7
 América Central, negro,9
 América Central, historia da américa,3
 história, mulato,18
 historia da américa, mulato,10
 criollo, historia da américa,4
 cruzado, historia da américa,11
 América do Sul, Ibero-América,4
 Ibero-América, historia da américa,4
 antropofagia, miscinegação,14
 miscinegação, universal,6
 Ibero-América, mezclado,1
 historia da américa, mezclado,1
 historia da américa, singular,42
 historia da américa, metódico,1
 historia da américa, português,77
 pardo, passado,118
 mameluco, metodo,4
 mameluco, tempo,78
 antropofagia, mameluco,6
 mameluco, metodista,4
 historia da américa, narrativa,31
 Sul-América, escravo,28
 Sul-América, ensino,8
 escravo, preto,199
 America Portuguesa, historia da américa,34
 metodista, narrativa,10
 ensino, metodista,119
 America meridional, passado,22
 historia da américa, setanejo,16
 conceitos gerais, setanejo,47
 antigo, setanejo,17
 miscinegação, mulato,45
 educación, mesclado,6
 caboclo, educación,37
 mesclado, metodo,2
 caboclo, metodo,2
 cruzado, metodo,4
 metodo, miscinegação,7
 caboclo, mesclado,3
 cruzado, mesclado,1
 história, mesclado,3
 conceitos gerais, mesclado,12
 mesclado, miscinegação,12
 antropofagia, mesclado,2
 mesclado, metodista,2
 caboclo, cruzado,2
 caboclo, história,19
 caboclo, miscinegação,17
 antropofagia, caboclo,3
 caboclo, metodista,2
 cruzado, metodista,3
 metodista, miscinegação,6
 Sciencia, miscinegação,17
 Sul-América, negro,17
 America Portuguesa, progresso,9
 europeu, mameluco,14
 América Central, escravo,3
 América Central, índio,17
 América Central, branco,8
 América Central, passado,7
 América Central, civilização,22
 América Central, América do Norte,8
 América Central, cultura,12
 América Central, particular,4
 América Central, miscinegação,1
 branco, mulato,88
 miscinegação, pardo,15
 europeu, pardo,17
 história, pardo,24
 caboclo, mulato,26
 mesclado, mulato,8
 mulato, português,18
 mulato, variações mestiço es,4
 caboclo, variações mestiço es,5
 caboclo, presente,20
 caboclo, historia da américa,10
 branco, mesclado,14
 mesclado, português,6
 mesclado, variações mestiço es,2
 mesclado, índio,12
 mesclado, presente,5
 historia da américa, mesclado,2
 branco, variações mestiço es,15
 miscinegação, variações mestiço es,6
 miscinegação, presente,17
 mameluco, mulato,35
 escravo, mameluco,61
 Sciencia, mesclado,2
 Indepêndencia, mesclado,2
 europeu, mulato,27
 América do Norte, mulato,6
 europeu, mesclado,2
 América do Norte, mesclado,2
 ciência, mesclado,4
 América do Norte, miscinegação,9
 miscinegação, particular,22
 hispano-américa, miscinegação,3
 ensino, europeu,38
 ensino, miscinegação,9
 passado, preto,179
 mameluco, passado,24
 America Portuguesa, Indepêndencia,17
 pardo, preto,149
 mulato, passado,39
 mulato, narrativa,6
 narrativa, passado,126
 narrativa, preto,38
 literatura, preto,38
 branco, narrativa,71
 America Oriental, negro,3
 europeu, variações mestiço es,15
 miscinegação, preto,24
 America Portuguesa, conceitos gerais,13
 America Portuguesa, ensino,10
 America Portuguesa, hispano-américa,3
 America Portuguesa, metodo,2
 America Portuguesa, antropofagia,9
 America Portuguesa, presente,13
 America Portuguesa, civilização,4
 America-Latina, mameluco,1
 America-Latina, miscinegação,4
 mameluco, miscinegação,25
 branco, mameluco,45
 mameluco, universal,2
 mameluco, particular,16
 América do Sul, mameluco,3
 mameluco, narrativa,5
 mameluco, variações mestiço es,4
 branco, positivismo,4
 português, positivismo,2
 caboclo, escravo,26
 Geschichte, particular,6
 ensino, mameluco,8
 crise e critica, mameluco,5
 europeu, preto,30
 America meridional, historia da américa,6
 Geschichte, metodista,5
 Geschichte, ensino,9
 hispano-américa, metodista,2
 literatura, metodista,42
 historia da américa, mixto,19
 ensino, mixto,9
 educación, setanejo,60
 metodo, setanejo,5
 setanejo, índio,56
 antropofagia, setanejo,9
 metodista, setanejo,5
 Tradição, setanejo,23
 ensino, setanejo,11
 negro, setanejo,32
 europeu, setanejo,10
 escravo, setanejo,18
 narrativa, setanejo,6
 europeu, narrativa,21
 preto, setanejo,11
 setanejo, tempo,108
 civilização, setanejo,34
 miscinegação, setanejo,10
 branco, mixto,25
 America meridional, preto,5
 America meridional, narrativa,7
 Sul-América, branco,65
 Sul-América, singular,23
 América do Sul, setanejo,4
 presente, setanejo,22
 particular, setanejo,29
 antigo, mulato,39
 America Portuguesa, América do Norte,2
 mulato, setanejo,9
 Tradição, mulato,8
 colonia, setanejo,25
 historiografia, profissional,3
 Sciencia, mixto,13
 passado, setanejo,28
 setanejo, universal,4
 mixto, passado,15
 Indepêndencia, Sul-América,36
 América do Norte, metodista,3
 história, preto,83
 Hermeneutica, Indepêndencia,1
 Hermeneutica, conceitos gerais,1
 romantismo, setanejo,5
 historiografia, setanejo,1
 America Portuguesa, historiografia,1
 America Portuguesa, miscinegação,3
 antigo, caboclo,26
 caboclo, colonia,28
 Indepêndencia, caboclo,13
 Sul-América, narrativa,10
 pardo, profissional,6
 Geschichte, branco,2
 Geschichte, progresso,5
 America Oriental, Sciencia,1
 America Oriental, narrativa,2
 América do Sul, mesclado,1
 europeu, literatura,24
 Geschichte, antigo,7
 Geschichte, romantismo,4
 metodista, romantismo,13
 América do Sul, Neolatino,1
 Neolatino, branco,3
 Neolatino, civilização,5
 Neolatino, colonia,2
 caboclo, literatura,5
 literatura, miscinegação,16
 literatura, mixto,6
 América do Sul, mixto,3
 Tradição, miscinegação,23
 história, romantismo,18
 miscinegação, romantismo,6
 caboclo, europeu,16
 literatura, mameluco,1
 mulato, romantismo,1
 europeu, romantismo,11
 crise e critica, setanejo,11
 literatura, setanejo,16
 mesclado, setanejo,1
 mesclado, singular,3
 Síntese, caboclo,2
 caboclo, setanejo,16
 Tradição, caboclo,12
 caboclo, progresso,13
 progresso, setanejo,11
 Hermeneutica, educación,2
 Hermeneutica, Síntese,2
 Hermeneutica, universidade,1
 Hermeneutica, tempo,4
 Hermeneutica, historia da américa,1
 Hermeneutica, cultura,1
 metodo, preto,9
 metodista, preto,8
 conceitos gerais, ontologi,1
 caboclo, ensino,7
 Sul-América, mixto,3
 mulato, preto,46
 mixto, preto,5
 mixto, profissional,2
 caboclo, pardo,17
 caboclo, preto,20
 Ibero-América, pardo,3
 mezclado, universidade,2
 historicismo, português,1
 civilização, historicismo,1
 historicismo, tempo,4
 historicismo, particular,2
 Síntese, pardo,2
 Pan-América, narrativa,5
 America meridional, cruzado,3
 Sciencia, historicismo,1
 ciência, historicismo,1
 antropofagia, historicismo,3
 positivismo, variações mestiço es,3
 negro, positivismo,3
 mezclado, romantismo,2
 narrativa, sudamericano,1
 criollo, preto,1
 hispano-américa, historicismo,1
 historicismo, universidade,1
 historicismo, índio,1
 historicismo, variações mestiço es,1
 escravo, historicismo,1
 colonia, historicismo,1
 America-Latina, historicismo,1
 ensino de história, pardo,1
 Interamericana, metodo,5
 Interamericana, pardo,1
 Interamericana, ensino,3
 Pan-América, profissional,2
 antigo, historicismo,1
 cruzado, mulato,6
 cruzado, pardo,7
 Pan-América, criollo,2
 América Central, hispano-américa,2
 América Central, ensino,3
 Ibero-América, metódico,1
 mulato, profissional,5
 Sciencia, mezclado,1
 mezclado, positivismo,1
 historicismo, positivismo,1
 Tradição, historicismo,1
 Geschichte, narrativa,3
 profissional, variações mestiço es,1
 criollo, indoamérica,1
 indoamérica, progresso,1
 colonia, indoamérica,1
 indoamérica, singular,1
 America-Latina, criollo,3
 America-Latina, Neolatino,3
 Indepêndencia, Neolatino,2
 Neolatino, escravo,1
 Neolatino, negro,3
 Neolatino, criollo,1
 mameluco, mixto,3
 America Austral, metodo,1
 America Austral, antropofagia,1
 America-Latina, Geschichte,2
 Geschichte, sudamericano,3
 mezclado, pardo,1
 América do Norte, pardo,5
 escravo, metódico,2
 Interamericana, português,2
 branco, ensino de história,1
 cruzado, metódico,1
 historiografia, ontologi,1
 ontologi, variações mestiço es,1
 ensino de história, historia da américa,1
 hispano-américa, metódico,1
 ontologi, sudamericano,1
 conceitos gerais, sudamericano,1
 América Central, variações mestiço es,3
 América do Norte, cruzado,3
 América do Sul, indoamérica,1
 hispano-américa, indoamérica,1
 Indepêndencia, indoamérica,1
 América do Norte, indoamérica,1
 ensino, indoamérica,1
 Geschichte, Indepêndencia,3
 América do Sul, mezclado,1
 pardo, sudamericano,1
 Sciencia, setanejo,11
 setanejo, universidade,4
 America Austral, negro,1
 America Austral, passado,2
 Ibero-América, negro,5
 Neolatino, passado,7
 Neolatino, conceitos gerais,3
 Neolatino, crise e critica,3
 ontologi, português,1
 pardo, universal,11
 Pan-América, mesclado,1
 America-Latina, mesclado,1
 mesclado, progresso,3
 Sul-América, metodista,9
 Sul-América, metodo,4
 crise e critica, mesclado,2
 América, cafuso,2
 cafuso, escravo,4
 cafuso, tempo,3
 cafuso, miscinegação,5
 híbrido, universal,1
 America Portuguesa, America-Latina,2
 America Portuguesa, universidade,3
 criollo, europeu,2
 mixto, universal,4
 Organon, conceitos gerais,1
 caboclo, romantismo,2
 metodista, ontologi,1
 Pan-América, escravo,8
 Pan-América, caboclo,2
 educación, retórica,7
 América, retórica,3
 retórica, tempo,6
 antigo, retórica,2
 Ibero-América, cruzado,1
 metódico, passado,6
 metodista, metódico,1
 escravo, mixto,5
 mulato, progresso,17
 mesclado, romantismo,2
 escravo, mesclado,9
 mesclado, preto,3
 europeu, mixto,6
 America Portuguesa, preto,5
 profissional, setanejo,2
 cruzado, setanejo,1
 branco, criollo,4
 híbrido, pardo,2
 pardo, variações mestiço es,2
 híbrido, variações mestiço es,1
 conceitos gerais, híbrido,1
 America meridional, europeu,9
 Sciencia, mameluco,5
 America Portuguesa, branco,12
 passado, retórica,2
 presente, retórica,2
 America Portuguesa, América do Sul,1
 caboclo, crise e critica,6
 Sul-América, historiografia,1
 mesclado, passado,8
 civilização, mesclado,4
 cultura, mesclado,5
 cafuso, mameluco,2
 cafuso, mulato,4
 cafuso, europeu,3
 cafuso, negro,7
 branco, cafuso,3
 cafuso, colonia,1
 América, panlatinismo,2
 Pan-América, panlatinismo,3
 civilização, panlatinismo,2
 cultura, panlatinismo,1
 Pan-América, setanejo,1
 America meridional, positivismo,1
 mameluco, preto,11
 positivismo, profissional,1
 metodo, mulato,5
 metodista, mulato,4
 Neolatino, progresso,3
 Neolatino, tempo,8
 America meridional, metodista,2
 historiografia, mulato,2
 historiografia, preto,4
 América do Norte, preto,11
 caboclo, universidade,2
 America-Latina, setanejo,1
 America-Latina, metódico,1
 criollo, setanejo,1
 criollo, passado,2
 metódico, setanejo,2
 positivismo, setanejo,1
 Pan-América, mulato,1
 Pan-América, preto,15
 escravo, positivismo,2
 clima, português,34
 clima, passado,55
 clima, tempo,267
 clima, colonia,98
 clima, particular,97
 futuro, passado,665
 futuro, tempo,1023
 conceitos gerais, futuro,458
 crise e critica, futuro,158
 clima, educación,153
 clima, progresso,45
 civilização, clima,44
 ciência, clima,82
 clima, metodista,10
 antropofagia, clima,21
 Sciencia, clima,39
 clima, metodo,10
 América, clima,40
 America Portuguesa, escravo,14
 clima, índio,138
 clima, universal,9
 America Portuguesa, clima,3
 antigo, clima,83
 America Portuguesa, universal,6
 clima, escravo,76
 clima, conceitos gerais,74
 Indepêndencia, clima,26
 antigo, futuro,269
 futuro, presente,554
 Indepêndencia, futuro,216
 educación, futuro,721
 ciência, futuro,475
 clima, pardo,20
 colonia, futuro,214
 branco, futuro,175
 futuro, progresso,298
 Sciencia, futuro,205
 futuro, literatura,129
 futuro, narrativa,61
 futuro, particular,278
 America meridional, caboclo,1
 futuro, negro,158
 futuro, índio,231
 mameluco, pardo,6
 clima, presente,58
 clima, singular,25
 clima, universidade,27
 futuro, universidade,82
 futuro, história,181
 ensino, mesclado,2
 futuro, português,108
 clima, negro,75
 ensino, futuro,122
 futuro, pardo,35
 futuro, singular,72
 escravo, futuro,153
 futuro, mesclado,3
 America meridional, mesclado,1
 America meridional, futuro,12
 America Portuguesa, literatura,7
 clima, futuro,54
 antropofagia, futuro,101
 futuro, universal,67
 América, futuro,185
 clima, historia da américa,3
 America Portuguesa, negro,11
 preto, variações mestiço es,5
 mameluco, setanejo,3
 branco, clima,62
 civilização, futuro,181
 clima, preto,32
 clima, crise e critica,14
 educación, hygiene,97
 hygiene, tempo,85
 ciência, hygiene,65
 Sciencia, hygiene,45
 clima, hygiene,6
 hygiene, progresso,25
 hygiene, universidade,33
 futuro, variações mestiço es,8
 clima, europeu,36
 America meridional, clima,6
 futuro, metodista,27
 futuro, metodo,28
 futuro, miscinegação,14
 clima, historiografia,2
 clima, narrativa,11
 América Central, universidade,1
 futuro, hispano-américa,10
 futuro, preto,82
 America meridional, pardo,6
 América do Norte, clima,6
 América do Norte, futuro,15
 ensino, mulato,5
 clima, ensino,16
 clima, miscinegação,13
 America Portuguesa, narrativa,5
 America Portuguesa, futuro,5
 clima, mesclado,4
 cafuso, índio,2
 antigo, cafuso,1
 cafuso, particular,2
 metodista, variações mestiço es,2
 caboclo, futuro,9
 Tradição, futuro,113
 América Central, antropofagia,1
 América Central, universal,1
 Tradição, clima,13
 clima, variações mestiço es,6
 America Portuguesa, Tradição,4
 futuro, positivismo,3
 America Oriental, Indepêndencia,2
 America meridional, branco,15
 clima, história,28
 America Portuguesa, America meridional,4
 europeu, futuro,53
 America Portuguesa, variações mestiço es,2
 futuro, mulato,11
 caboclo, particular,14
 futuro, romantismo,7
 America Austral, índio,1
 America Austral, variações mestiço es,1
 branco, híbrido,1
 híbrido, literatura,1
 branco, retórica,1
 ciência, retórica,7
 retórica, universidade,2
 caboclo, narrativa,5
 caboclo, clima,6
 branco, hygiene,9
 hygiene, negro,14
 antropofagia, hygiene,12
 hygiene, universal,9
 hygiene, presente,18
 America Austral, presente,3
 America Austral, escravo,1
 Indepêndencia, hygiene,4
 America Austral, português,2
 futuro, setanejo,17
 America Portuguesa, pardo,5
 futuro, mameluco,8
 cruzado, futuro,19
 clima, literatura,20
 America meridional, mameluco,1
 América do Sul, futuro,35
 crise e critica, retórica,1
 América do Sul, clima,10
 clima, profissional,1
 clima, híbrido,2
 Sul-América, futuro,37
 clima, mulato,11
 hygiene, índio,9
 escravo, hygiene,8
 mameluco, mesclado,3
 antigo, mesclado,6
 Sul-América, clima,7
 América, hygiene,8
 futuro, mixto,13
 metodista, retórica,1
 antropofagia, retórica,1
 metodo, retórica,1
 Sciencia, retórica,2
 Sul-América, preto,8
 Sul-América, setanejo,4
 América Central, ciência,4
 clima, mameluco,5
 Sul-América, cruzado,1
 português, retórica,2
 ensino, retórica,3
 metodista, pardo,2
 América Central, narrativa,1
 América Central, Tradição,3
 futuro, historia da américa,11
 America Austral, clima,2
 América Central, Sciencia,2
 Sul-América, mameluco,1
 America Oriental, particular,7
 Geschichte, hygiene,1
 mesclado, particular,3
 hygiene, profissional,19
 Ibero-América, preto,1
 América do Sul, caboclo,3
 clima, retórica,1
 narrativa, retórica,1
 Hermeneutica, passado,1
 hygiene, passado,16
 colonia, hygiene,21
 antigo, hygiene,28
 hygiene, literatura,15
 conceitos gerais, retórica,1
 particular, retórica,5
 Neolatino, português,7
 America Portuguesa, Neolatino,1
 europeu, hygiene,4
 hygiene, particular,23
 Síntese, futuro,32
 Ibero-América, hygiene,1
 Tradição, mameluco,3
 Tradição, mixto,5
 América Central, clima,3
 mesologia, índio,2
 ciência, mesologia,2
 hygiene, português,11
 America Portuguesa, hygiene,3
 ensino, hygiene,39
 clima, setanejo,5
 América do Norte, retórica,1
 preto, retórica,1
 América Central, hygiene,1
 América do Sul, hygiene,2
 Sul-América, hygiene,1
 hygiene, singular,4
 hygiene, preto,9
 civilização, hygiene,12
 Síntese, hygiene,1
 Geschichte, história,10
 caboclo, mameluco,7
 metódico, narrativa,1
 Geschichte, escravo,1
 Ibero-América, passado,8
 mesologia, passado,2
 hygiene, narrativa,3
 hygiene, pardo,3
 futuro, profissional,19
 futuro, hygiene,16
 clima, mixto,2
 cultura, futuro,134
 clima, cultura,49
 história, hygiene,13
 cultura, hygiene,15
 America-Latina, preto,6
 Pan-América, futuro,33
 cruzado, mesologia,1
 Sciencia, mesologia,1
 historiografia, mesologia,1
 America-Latina, futuro,9
 educación, mesologia,3
 civilização, mesologia,1
 mesologia, singular,1
 America meridional, América Central,2
 America Oriental, português,4
 hygiene, miscinegação,1
 miscinegação, profissional,2
 America Oriental, civilização,1
 America Oriental, antigo,3
 America-Latina, profissional,2
 panlatinismo, tempo,2
 futuro, historiografia,10
 America Portuguesa, mulato,1
 mixto, setanejo,3
 caboclo, hygiene,2
 conceitos gerais, hygiene,14
 crise e critica, hygiene,4
 profissional, universal,1
 mixto, narrativa,2
 história, mameluco,5
 America Oriental, caboclo,1
 America Oriental, mulato,1
 America Oriental, branco,1
 America Oriental, colonia,3
 America-Latina, mulato,1
 América Central, Ibero-América,2
 mesologia, negro,2
 colonia, mesologia,2
 América do Sul, mulato,2
 mixto, pardo,2
 mameluco, mesologia,1
 Síntese, clima,3
 Neolatino, cruzado,2
 Neolatino, futuro,2
 cruzado, mixto,1
 Sul-América, pardo,3
 America meridional, mulato,2
 Tradição, hygiene,5
 miscinegação, narrativa,6
 mesologia, tempo,1
 América do Norte, mesologia,1
 América do Norte, panlatinismo,1
 America meridional, Geschichte,1
 clima, hispano-américa,3
 história, setanejo,18
 Geschichte, Sul-América,1
 hygiene, setanejo,2
 mesologia, setanejo,2
 hygiene, mesologia,1
 hygiene, metodista,2
 hygiene, metodo,2
 conceitos gerais, mesologia,1
 mesologia, metodista,1
 antropofagia, mesologia,1
 mesologia, metodo,1
 ensino, mesologia,1
 America Austral, Sul-América,1
 hygiene, mulato,1
 Sul-América, caboclo,2
 caboclo, profissional,1
 mesologia, presente,1
 crise e critica, mesologia,1
 cultura, mesologia,1
 Ibero-América, europeu,3
 Ibero-América, futuro,2
 Ibero-América, história,9
 Hermeneutica, progresso,1
 Hermeneutica, antigo,1
 Hermeneutica, literatura,1
 America Austral, América do Sul,1
 Pan-América, miscinegação,1
 América Central, futuro,2
 América Central, história,2
 educación, híbrido,1
 híbrido, universidade,1
 narrativa, positivismo,1
 Neolatino, presente,3
 Neolatino, singular,3
 mesologia, português,1
 ensino de história, passado,1
 história, mixto,3
 America-Latina, América Central,5
 hygiene, híbrido,1
 europeu, indoamérica,1
 indoamérica, passado,1
 Sciencia, indoamérica,1
 Sul-América, variações mestiço es,2
 profissional, retórica,1
 clima, romantismo,1
 America Oriental, pardo,2
 America Oriental, passado,1
 hygiene, mixto,1
 caboclo, mixto,1
 mixto, mulato,1
 miscinegação, mixto,1
 futuro, metódico,4
 Interamericana, Sul-América,2
 Interamericana, futuro,1
 Ibero-América, conceitos gerais,2
 Ibero-América, Sul-América,1
 história, retórica,1
 Geschichte, europeu,1
 Geschichte, Ibero-América,1
 Neolatino, história,3
 caboclo, cafuso,1
 cafuso, preto,1
 antropofagia, cafuso,1
 cafuso, universal,1
 Tradição, cafuso,1
 cafuso, literatura,1
 caboclo, universal,1
 setanejo, sudamericano,1
 miscinegação, sudamericano,1
 europeu, sudamericano,1
 hispano-américa, setanejo,1
 Ibero-América, narrativa,2
 America Oriental, cultura,1
 clima, metódico,1
 história, metódico,6
 cafuso, passado,1
 cafuso, civilização,1
 hygiene, metódico,1
 Pan-América, hygiene,1
 Sul-América, mulato,1
 criollo, miscinegação,2
 criollo, mesclado,1
 Interamericana, mulato,1
 Interamericana, escravo,3
 Interamericana, negro,1
 America meridional, miscinegação,1
 Neolatino, particular,4
 futuro, híbrido,2
 híbrido, presente,1
 Pan-América, metódico,1
 America-Latina, clima,1
 europeu, metódico,1
 Geschichte, Tradição,1
 Geschichte, clima,1
 miscinegação, positivismo,1
 branco, metódico,2
 Interamericana, branco,4
 América Central, Síntese,1
 cafuso, mesclado,1
 cabrocha, mesclado,1
 cabrocha, mulato,1
 cabrocha, cafuso,1
 cafuso, português,1
 cafuso, clima,1
 branco, cabrocha,1
 cabrocha, negro,1
 cabrocha, escravo,1
 cabrocha, português,1
 cabrocha, clima,1
 cabrocha, miscinegação,1
 Tradição, mesclado,2
 Neolatino, romantismo,1
 historiografia, mameluco,1
 passado, sudamericano,1
 Pan-América, clima,2
 America Austral, história,1
 história do ensino, tempo,1
 história, história do ensino,1
 antropofagia, história do ensino,1
 história do ensino, universal,1
 história do ensino, particular,1
 história do ensino, universidade,1
 América, história do ensino,1
 ensino, história do ensino,1
 Interamericana, preto,1
 Interamericana, europeu,1
 clima, cruzado,1
 America Oriental, literatura,1
 America Austral, singular,1
 America Oriental, America-Latina,1
 America Oriental, Tradição,1
 America Austral, America-Latina,1
 America Austral, Tradição,1
 America Oriental, ensino,1
 America Austral, America meridional,1
 Neolatino, Tradição,2
